Year,Round,Race,PoleTime,AirTemp,TrackTemp,Humidity,Pressure,Rainfall,type,length_km,avg_speed_kmh,drs_zones_prev,active_aero_zones,tyre_wear,downforce_req,power_sensitivity,turns
2022,1,Bahrain Grand Prix,90.558,19.43589744,25.40384615,55.6025641,1013.682051,FALSE,Permanent,5.412,213,3,4,High,Medium,7,15
2022,2,Saudi Arabian Grand Prix,88.2,23.48041958,25.36433566,58.68531469,1014.342657,FALSE,Street,6.174,254,3,5,Low,Low,9,27
2022,3,Australian Grand Prix,77.868,23.23783784,29.15225225,57.65765766,1017.348649,FALSE,Street-Park,5.278,231,3,4,Medium,Medium,7,14
2022,4,Emilia Romagna Grand Prix,78.793,12.43982301,14.31238938,86.44247788,997.7274336,TRUE,Permanent,4.909,234,1,2,Medium,Medium-High,6,19
2022,5,Miami Grand Prix,88.796,33.21,51.20875,39.3875,1008.54,FALSE,Street-Park,5.412,221,3,4,Medium,Medium,7,19
2022,6,Spanish Grand Prix,78.75,34.67051282,47.19871795,18.76923077,1003.371795,FALSE,Permanent,4.657,203,2,3,High,Medium-High,6,12
2022,7,Monaco Grand Prix,71.376,26.71234568,48.44444444,46.14814815,1003.701235,FALSE,Street,3.337,161,1,1,Low,High,3,19
2022,8,Azerbaijan Grand Prix,101.359,24.82477876,35.17522124,68.23893805,1015.619469,FALSE,Street,6.003,210,2,4,Low,Medium,9,20
2022,9,Canadian Grand Prix,81.299,13.49444444,18.12333333,76.3,1006.946667,TRUE,Street-Park,4.361,215,2,3,Low,Low,8,13
2022,10,British Grand Prix,100.19,14.90379747,20.85316456,86.34177215,999.7151899,TRUE,Permanent,5.891,247,2,4,High,Medium-High,7,18
2022,11,Austrian Grand Prix,64.984,19.0010101,35.94949495,34.43434343,946.3232323,FALSE,Permanent,4.318,245,3,4,Medium,Low-Medium,8,10
2022,12,French Grand Prix,90.872,30.51428571,54.81298701,45.22077922,967.8142857,FALSE,Permanent,5.842,226,2,4,High,Medium,7,15
2022,13,Hungarian Grand Prix,77.377,22.2025641,29.80512821,71.08974359,984.3371795,FALSE,Permanent,4.381,214,1,2,Medium,High,4,14
2022,14,Belgian Grand Prix,103.665,15.20666667,20.7,84.80952381,969.0371429,FALSE,Permanent,7.004,239,2,3,Medium,Medium,8,19
2022,15,Dutch Grand Prix,70.342,26.92380952,39.05952381,30.27380952,1010.036905,FALSE,Permanent,4.259,215,2,3,High,High,5,14
2022,16,Italian Grand Prix,80.161,27.60769231,40.26410256,34.70512821,990.775641,FALSE,Permanent,5.793,259,2,4,Low,Low,10,11
2022,17,Singapore Grand Prix,109.412,26.8475,27.78375,81.4125,1009.14375,FALSE,Street,4.94,192,3,4,Medium,High,5,19
2022,18,Japanese Grand Prix,89.304,19.8961039,26.4974026,57.46753247,1014.724675,FALSE,Permanent,5.807,229,1,3,Low,High,6,18
2022,19,United States Grand Prix,94.356,30.04050633,35.86835443,36.81012658,991.0974684,FALSE,Permanent,5.513,209,2,3,High,Medium-High,7,20
2022,20,Mexico City Grand Prix,77.775,25.62948718,48.52820513,36.26923077,782.5807692,FALSE,Permanent,4.304,197,3,4,Low,Low,8,17
2022,21,São Paulo Grand Prix,71.41,19.16419753,26.71358025,93.58024691,924.4481481,TRUE,Permanent,4.309,220,2,3,Medium,Medium,7,15
2022,22,Abu Dhabi Grand Prix,83.824,28.7630137,33.94246575,69.71232877,1014.713699,FALSE,Permanent,5.281,221,2,3,Low,Medium,7,16
2023,1,Bahrain Grand Prix,89.708,23.88,28.08526316,21.65263158,1017.641053,FALSE,Permanent,5.412,213,3,4,High,Medium,7,15
2023,2,Saudi Arabian Grand Prix,88.265,27.02375,31.66625,44.7375,1010.48,FALSE,Street,6.174,254,3,5,Low,Low,9,27
2023,3,Australian Grand Prix,76.732,15.20421053,22.71263158,53.4,1018.930526,TRUE,Street-Park,5.278,231,3,4,Medium,Medium,7,14
2023,4,Azerbaijan Grand Prix,100.203,19.46132075,33.08584906,80.62264151,1011.65283,FALSE,Street,6.003,210,2,4,Low,Medium,9,20
2023,5,Miami Grand Prix,86.841,28.64482759,43.26666667,59.20689655,1017.397701,FALSE,Street-Park,5.412,221,3,4,Medium,Medium,7,19
2023,6,Monaco Grand Prix,71.365,25.58604651,46.49534884,34.6627907,1016.240698,FALSE,Street,3.337,161,1,1,Low,High,3,19
2023,7,Spanish Grand Prix,72.272,20.85340909,24.94090909,71.94318182,1000.636364,TRUE,Permanent,4.657,203,2,3,High,Medium-High,6,12
2023,8,Canadian Grand Prix,79.092,16.46629213,18.45617978,87.71910112,1004.91236,TRUE,Street-Park,4.361,215,2,3,Low,Low,8,13
2023,9,Austrian Grand Prix,64.391,26.7,39.60941176,41.57647059,930.5976471,FALSE,Permanent,4.318,245,3,4,Medium,Low-Medium,8,10
2023,10,British Grand Prix,86.72,21.29787234,22.92659574,78.39361702,999.3968085,TRUE,Permanent,5.891,247,2,4,High,Medium-High,7,18
2023,11,Hungarian Grand Prix,76.609,26.25897436,43.86282051,34.5,987.3423077,FALSE,Permanent,4.381,214,1,2,Medium,High,4,14
2023,12,Belgian Grand Prix,106.168,19.25157895,23.64421053,88.67368421,961.5884211,TRUE,Permanent,7.004,239,2,3,Medium,Medium,8,19
2023,13,Dutch Grand Prix,70.567,17.963,22.432,77.91,1009.405,TRUE,Permanent,4.259,215,2,3,High,High,5,14
2023,14,Italian Grand Prix,80.294,28.17974684,39.42658228,40.84810127,998.9898734,FALSE,Permanent,5.793,259,2,4,Low,Low,10,11
2023,15,Singapore Grand Prix,90.984,29.51909091,34.15272727,77.35454545,1009.78,FALSE,Street,4.94,192,3,4,Medium,High,5,19
2023,16,Japanese Grand Prix,88.877,26.08695652,36.55326087,47.5,1009.395652,FALSE,Permanent,5.807,229,1,3,Low,High,6,18
2023,17,Qatar Grand Prix,83.778,31.41686747,34.38554217,55.80722892,1006.46747,FALSE,Permanent,5.38,237,2,3,Very High,Medium-High,7,16
2023,18,United States Grand Prix,94.723,35.46075949,41.36582278,12.53164557,993.1050633,FALSE,Permanent,5.513,209,2,3,High,Medium-High,7,20
2023,19,Mexico City Grand Prix,77.166,25.8025641,44.11153846,27.1025641,780.2602564,FALSE,Permanent,4.304,197,3,4,Low,Low,8,17
2023,20,São Paulo Grand Prix,70.162,29.37906977,38.33372093,57.3372093,917.4872093,TRUE,Permanent,4.309,220,2,3,Medium,Medium,7,15
2023,21,Las Vegas Grand Prix,92.726,15.1278481,16.88101266,61.06329114,942.2240506,FALSE,Street,6.12,249,3,5,Low,Low,9,17
2023,22,Abu Dhabi Grand Prix,83.445,26.73333333,31.84615385,66.30769231,1014.437179,FALSE,Permanent,5.281,221,2,3,Low,Medium,7,16
2024,1,Bahrain Grand Prix,89.179,18.04935065,21.51428571,46.94805195,1019.064935,FALSE,Permanent,5.412,213,3,4,High,Medium,7,15
2024,2,Saudi Arabian Grand Prix,87.472,25.10638298,30.78617021,56.05319149,1014.804255,FALSE,Street,6.174,254,3,5,Low,Low,9,27
2024,3,Australian Grand Prix,75.915,18.74230769,34.41410256,53.58974359,1024.023077,TRUE,Street-Park,5.278,231,3,4,Medium,Medium,7,14
2024,4,Japanese Grand Prix,88.197,17.53947368,26.71052632,58.10526316,1013.840789,FALSE,Permanent,5.807,229,1,3,Low,High,6,18
2024,5,Chinese Grand Prix,93.66,22.09418605,33.88837209,55.43023256,1007.45,FALSE,Permanent,5.451,222,2,3,Medium,Medium,8,16
2024,6,Miami Grand Prix,87.241,29.06363636,47.29480519,54.87012987,1015.520779,FALSE,Street-Park,5.412,221,3,4,Medium,Medium,7,19
2024,7,Emilia Romagna Grand Prix,74.746,24.188,41.55866667,43.25333333,1008.014667,FALSE,Permanent,4.909,234,1,2,Medium,Medium-High,6,19
2024,8,Monaco Grand Prix,70.27,21.24210526,44.72631579,60.85526316,1016.865789,FALSE,Street,3.337,161,1,1,Low,High,3,19
2024,9,Canadian Grand Prix,71.742,20.55384615,31.11666667,66.88461538,1000.762821,TRUE,Street-Park,4.361,215,2,3,Low,Low,8,13
2024,10,Spanish Grand Prix,71.383,24.08947368,36.53552632,68.35526316,1003.706579,FALSE,Permanent,4.657,203,2,3,High,Medium-High,6,12
2024,11,Austrian Grand Prix,64.314,31.32894737,46.10789474,37.69736842,938.5013158,FALSE,Permanent,4.318,245,3,4,Medium,Low-Medium,8,10
2024,12,British Grand Prix,85.819,13.69764706,21.21529412,74.38823529,987.3494118,TRUE,Permanent,5.891,247,2,4,High,Medium-High,7,18
2024,13,Hungarian Grand Prix,75.227,24.3752381,30.31333333,61.80952381,984.012381,TRUE,Permanent,4.381,214,1,2,Medium,High,4,14
2024,14,Belgian Grand Prix,113.159,18.00126582,22.02278481,92.70886076,966.5139241,TRUE,Permanent,7.004,239,2,3,Medium,Medium,8,19
2024,15,Dutch Grand Prix,69.673,24.48101266,30.14050633,66.32911392,1002.44557,FALSE,Permanent,4.259,215,2,3,High,High,5,14
2024,16,Italian Grand Prix,79.327,33.44556962,48.73037975,36.83544304,995.8670886,FALSE,Permanent,5.793,259,2,4,Low,Low,10,11
2024,17,Azerbaijan Grand Prix,101.365,27.02435897,36.74871795,36.51282051,1016.161538,FALSE,Street,6.003,210,2,4,Low,Medium,9,20
2024,18,Singapore Grand Prix,89.525,29.43333333,31.96344086,79.03225806,1007.590323,FALSE,Street,4.94,192,3,4,Medium,High,5,19
2024,19,United States Grand Prix,92.33,28.56133333,38.21733333,38.65333333,1005.437333,FALSE,Permanent,5.513,209,2,3,High,Medium-High,7,20
2024,20,Mexico City Grand Prix,75.946,21.96296296,39.41234568,40.5308642,784.7111111,FALSE,Permanent,4.304,197,3,4,Low,Low,8,17
2024,21,São Paulo Grand Prix,83.405,20.27196262,23.37943925,93.35514019,927.6383178,TRUE,Permanent,4.309,220,2,3,Medium,Medium,7,15
2024,22,Las Vegas Grand Prix,92.312,11.83469388,14.06530612,26.75510204,941.3316327,FALSE,Street,6.12,249,3,5,Low,Low,9,17
2024,23,Qatar Grand Prix,80.52,18.80769231,21.72051282,59.52564103,1017.724359,FALSE,Permanent,5.38,237,2,3,Very High,Medium-High,7,16
2024,24,Abu Dhabi Grand Prix,82.595,25.81111111,29.67283951,65.79012346,1017.335802,FALSE,Permanent,5.281,221,2,3,Low,Medium,7,16
2025,1,Australian Grand Prix,75.096,30.336,40.50133333,46.14666667,1009.376,FALSE,Street-Park,5.278,231,3,4,Medium,Medium,7,14
2025,2,Chinese Grand Prix,90.641,26.13246753,38.67012987,13.81818182,1015.151948,FALSE,Permanent,5.451,222,2,3,Medium,Medium,8,16
2025,3,Japanese Grand Prix,86.983,14.69529412,32.14117647,58.62352941,1013.291765,FALSE,Permanent,5.807,229,1,3,Low,High,6,18
2025,4,Bahrain Grand Prix,89.841,26.29655172,30.89425287,57.11494253,1004.088506,FALSE,Permanent,5.412,213,3,4,High,Medium,7,15
2025,5,Saudi Arabian Grand Prix,87.294,29.5755814,37.2255814,57.56976744,1006.3,FALSE,Street,6.174,254,3,5,Low,Low,9,27
2025,6,Miami Grand Prix,86.204,27.97435897,41.01538462,63.05128205,1013.488462,FALSE,Street-Park,5.412,221,3,4,Medium,Medium,7,19
2025,7,Emilia Romagna Grand Prix,74.67,22.80090909,39.41636364,30.43636364,1008.619091,FALSE,Permanent,4.909,234,1,2,Medium,Medium-High,6,19
2025,8,Monaco Grand Prix,69.954,21.13763441,40.28709677,59.44086022,1014.924731,FALSE,Street,3.337,161,1,1,Low,High,3,19
2025,9,Spanish Grand Prix,71.546,29.13636364,46.82337662,37.09090909,1005.480519,FALSE,Permanent,4.657,203,2,3,High,Medium-High,6,12
2025,10,Canadian Grand Prix,70.899,21.3,43.14588235,30.69411765,1018.96,FALSE,Street-Park,4.361,215,2,3,Low,Low,8,13
2025,11,Austrian Grand Prix,63.971,27.77386364,47.19659091,33.89772727,945.3329545,FALSE,Permanent,4.318,245,3,4,Medium,Low-Medium,8,10
2025,12,British Grand Prix,84.892,20.19655172,27.43218391,72.7816092,994.8505747,FALSE,Permanent,5.891,247,2,4,High,Medium-High,7,18
2025,13,Belgian Grand Prix,100.562,22.64556962,37.72658228,54.16455696,967.7291139,FALSE,Permanent,7.004,239,2,3,Medium,Medium,8,19
2025,14,Hungarian Grand Prix,75.372,28.14880952,42.53333333,37.21428571,983.3440476,FALSE,Permanent,4.381,214,1,2,Medium,High,4,14
2025,15,Dutch Grand Prix,68.662,20.59487179,34.22820513,64.47435897,1006.151282,FALSE,Permanent,4.259,215,2,3,High,High,5,14
2025,16,Italian Grand Prix,78.792,26.60641026,42.77820513,35.82051282,998.624359,FALSE,Permanent,5.793,259,2,4,Low,Low,10,11
2025,17,Azerbaijan Grand Prix,101.117,20.74888889,26.07851852,59.48888889,1013.573333,TRUE,Street,6.003,210,2,4,Low,Medium,9,20
2025,18,Singapore Grand Prix,89.158,29.86341463,34.96097561,69.13414634,1011.464634,FALSE,Street,4.94,192,3,4,Medium,High,5,19
2025,19,United States Grand Prix,92.51,33.92272727,45.7125,36.32954545,989.3784091,FALSE,Permanent,5.513,209,2,3,High,Medium-High,7,20
2025,20,Mexico City Grand Prix,75.586,26.18974359,46.03589744,27.46153846,780.5282051,FALSE,Permanent,4.304,197,3,4,Low,Low,8,17
2025,21,São Paulo Grand Prix,69.511,25.97073171,40.2804878,56.45121951,918.3682927,FALSE,Permanent,4.309,220,2,3,Medium,Medium,7,15
2025,22,Las Vegas Grand Prix,107.934,11.72823529,12.54941176,65.54117647,945.9623529,TRUE,Street,6.12,249,3,5,Low,Low,9,17
2025,23,Qatar Grand Prix,79.387,20.50465116,25.48139535,74.6744186,1016.560465,FALSE,Permanent,5.38,237,2,3,Very High,Medium-High,7,16
2025,24,Abu Dhabi Grand Prix,82.207,25.0961039,29.11038961,76.71428571,1017.201299,FALSE,Permanent,5.281,221,2,3,Low,Medium,7,16
2026,1,Australian Grand Prix,78.518,20.45263158,34.27263158,63.71894737,1013.524211,FALSE,Street-Park,5.278,231,3,4,Medium,Medium,7,14
2026,2,Chinese Grand Prix,92.064,17.75822785,30.99493671,34.37468354,1023.540506,FALSE,Permanent,5.451,222,2,3,Medium,Medium,8,16
2026,3,Japanese Grand Prix,88.778,16.53866667,29.66666667,51.58666667,1008.698667,FALSE,Permanent,5.807,229,1,3,Low,High,6,18
2026,4,Miami Grand Prix,87.798,33.92222222,51.88271605,30.31975309,1010.202469,FALSE,Street-Park,5.412,221,3,4,Medium,Medium,7,19
2026,5,Canadian Grand Prix,72.578,21.27594937,30.87594937,24.46202532,1028.665823,TRUE,Street-Park,4.361,215,2,3,Low,Low,8,13
2026,6,Monaco Grand Prix,72.051,23.67857143,38.47619048,54.90952381,1017.496429,FALSE,Street,3.337,161,1,1,Low,High,3,19
